{
  "n_total_edge_files": 24868,
  "n_ok": 24868,
  "n_errors": 0,
  "errors": [],
  "n_points": {
    "percentiles": {
      "p0": 0.0,
      "p1": 102.67000000000002,
      "p5": 307.35000000000014,
      "p25": 1372.75,
      "p50": 3069.0,
      "p75": 6426.0,
      "p90": 12917.799999999996,
      "p95": 20000.0,
      "p99": 20000.0,
      "p100": 20000.0
    },
    "mean": 4982.963165513914,
    "std": 5215.737215022066
  },
  "n_edges": {
    "percentiles": {
      "p0": 4.0,
      "p1": 4.0,
      "p5": 9.0,
      "p25": 36.0,
      "p50": 120.0,
      "p75": 478.0,
      "p90": 1527.0,
      "p95": 3167.2999999999956,
      "p99": 12664.599999999962,
      "p100": 171616.0
    },
    "mean": 836.0832395045842,
    "std": 3889.9785443917476
  },
  "n_verts": {
    "percentiles": {
      "p0": 1.0,
      "p1": 4.0,
      "p5": 8.0,
      "p25": 24.0,
      "p50": 76.0,
      "p75": 296.0,
      "p90": 923.2999999999993,
      "p95": 1913.2999999999956,
      "p99": 7312.949999999972,
      "p100": 80000.0
    },
    "mean": 496.81212803603023,
    "std": 2131.68911115911,
    "frac_gt_512": 0.1708219398423677
  },
  "max_abs": {
    "percentiles": {
      "p0": 0.0,
      "p1": 0.9065052217433066,
      "p5": 0.9985446012941909,
      "p25": 1.0,
      "p50": 1.0,
      "p75": 1.0,
      "p90": 1.0,
      "p95": 1.0,
      "p99": 1.0,
      "p100": 1.0
    },
    "frac_gt_1.2": 0.0
  },
  "max_extent": {
    "percentiles": {
      "p0": 0.0,
      "p1": 1.6442652268197877,
      "p5": 1.9034118834053029,
      "p25": 1.9994732837083853,
      "p50": 2.0,
      "p75": 2.0,
      "p90": 2.0,
      "p95": 2.0,
      "p99": 2.0,
      "p100": 2.0
    }
  },
  "per_axis_min": {
    "x": {
      "p0": -1.0,
      "p1": -1.0,
      "p5": -1.0,
      "p25": -1.0,
      "p50": -0.9259229982295512,
      "p75": -0.5289225204079995,
      "p90": -0.23402778565426471,
      "p95": -0.1044736466230642,
      "p99": -0.012039274049253463,
      "p100": 0.9520767257276446
    },
    "y": {
      "p0": -1.0,
      "p1": -1.0,
      "p5": -1.0,
      "p25": -0.9996405867165299,
      "p50": -0.6604428975409096,
      "p75": -0.3111651834531576,
      "p90": -0.1111111111111111,
      "p95": -0.049999999999999996,
      "p99": -0.006234600562448801,
      "p100": 0.6681913294809826
    },
    "z": {
      "p0": -1.0,
      "p1": -1.0,
      "p5": -1.0,
      "p25": -0.9994220046967811,
      "p50": -0.5982871168009471,
      "p75": -0.2668535911747341,
      "p90": -0.09290123705134887,
      "p95": -0.03984185984413533,
      "p99": -0.005694450712923839,
      "p100": 0.5106183242206757
    }
  },
  "per_axis_max": {
    "x": {
      "p0": -0.8018045862411284,
      "p1": 0.012499999999999524,
      "p5": 0.10638297872340426,
      "p25": 0.5296319536844474,
      "p50": 0.9628998871794661,
      "p75": 1.0,
      "p90": 1.0,
      "p95": 1.0,
      "p99": 1.0,
      "p100": 1.0
    },
    "y": {
      "p0": -0.917152230327848,
      "p1": 0.006105066933229819,
      "p5": 0.05,
      "p25": 0.3119244733176346,
      "p50": 0.6609574708548722,
      "p75": 0.999274804773312,
      "p90": 1.0,
      "p95": 1.0,
      "p99": 1.0,
      "p100": 1.0
    },
    "z": {
      "p0": -0.917152230327848,
      "p1": 0.005102175131297003,
      "p5": 0.03946252847694782,
      "p25": 0.26613956719195714,
      "p50": 0.5967465664546184,
      "p75": 0.9992730335289961,
      "p90": 1.0,
      "p95": 1.0,
      "p99": 1.0,
      "p100": 1.0
    }
  }
}